voi_split,voi_merge,expected_run_length,max_erl,total_path_length,normalized_erl,number_of_segments,number_of_merging_segments,number_of_split_skeletons,threshold,iteration,merge_function,method,run_type,number_of_components,voi_sum,has_mask,total_splits_needed_to_fix_merges,average_splits_needed_to_fix_merges,total_merges_needed_to_fix_splits,average_merges_needed_to_fix_splits,number_of_unsplittable_fragments,number_of_background_sites,total_split_merge_sum,average_split_merge_sum,volume_size,tera_FLOPs,validation_best_voi_sum,validation_best_erl,validation_best_nerl
0.23289589825769585,0.11999570811170468,13309.559295813131,17776.42684831115,521997.2170410156,0.7487196054294571,106,11,16,0.16,190000.0,hist_quant_75,\acrlsd,11_micron_roi,68.0,0.35289160636940053,0,nan,nan,nan,nan,nan,nan,nan,nan,1260,1421.28,1,0,0
0.23568992544682477,0.12071815933600316,13394.2743711622,17914.530202672213,515893.55223083496,0.7476765630819752,106,11,16,0.16,190000.0,hist_quant_75,\acrlsd,11_micron_roi,67.0,0.3564080847828279,1,16.0,0.1509433962264151,45.0,0.6716417910447762,4.0,42.0,61.0,0.8225851872711912,1260,1421.28,1,0,0
0.39966574023614587,0.07641205480468205,30239.454693815736,41418.143120105684,1938754.62733078,0.7301016514942831,273,12,46,0.16,190000.0,hist_quant_75,\acrlsd,18_micron_roi,104.0,0.4760777950408279,0,nan,nan,nan,nan,nan,nan,nan,nan,5832,6578.495999999999,1,0,0
0.39641133879147983,0.12391055424315134,26018.89791903294,38270.13306940648,1886449.7174797058,0.6798747700156993,280,17,47,0.16,190000.0,hist_quant_75,\acrlsd,18_micron_roi,120.0,0.5203218930346312,1,32.0,0.11428571428571428,157.0,1.3083333333333333,14.0,162.0,189.0,1.4226190476190477,5832,6578.495999999999,1,0,0
0.47633356543052496,0.051473618105269736,48628.40350548259,72299.04044260929,3927036.0794029236,0.6726009530387009,511,16,75,0.16,190000.0,hist_quant_75,\acrlsd,25_micron_roi,150.0,0.5278071835357947,0,nan,nan,nan,nan,nan,nan,nan,nan,16003,18051.384,1,0,0
0.4669641579104642,0.19490767118731878,27537.337543226793,58770.434762359866,3797270.9484500885,0.46855766261683957,527,35,85,0.16,190000.0,hist_quant_75,\acrlsd,25_micron_roi,207.0,0.661871829097783,1,77.0,0.1461100569259962,342.0,1.6521739130434783,26.0,370.0,419.0,1.7982839699694746,16003,18051.384,1,0,0
