voi_split,voi_merge,expected_run_length,max_erl,total_path_length,normalized_erl,number_of_segments,number_of_merging_segments,number_of_split_skeletons,threshold,iteration,merge_function,method,run_type,number_of_components,voi_sum,has_mask,total_splits_needed_to_fix_merges,average_splits_needed_to_fix_merges,total_merges_needed_to_fix_splits,average_merges_needed_to_fix_splits,number_of_unsplittable_fragments,number_of_background_sites,total_split_merge_sum,average_split_merge_sum,volume_size,tera_FLOPs,validation_best_voi_sum,validation_best_erl,validation_best_nerl
1.2594013687741379,0.06607075304619237,7735.198356555605,17776.42684831115,521997.2170410156,0.4351379735962229,272,12,39,0.04,400000.0,hist_quant_75,\longrange,11_micron_roi,68.0,1.3254721218203303,0,nan,nan,nan,nan,nan,nan,nan,nan,1260,715.68,1,1,1
1.266983773804025,0.06646854141029479,7754.501441498519,17914.530202672213,515893.55223083496,0.4328609990755896,271,12,39,0.04,400000.0,hist_quant_75,\longrange,11_micron_roi,67.0,1.3334523152143198,1,9.0,0.033210332103321034,179.0,2.671641791044776,6.0,23.0,188.0,2.7048521231480973,1260,715.68,1,1,1
1.460919223951814,0.09248130175769997,19457.11091672181,41418.143120105684,1938754.62733078,0.4697726515720283,801,15,74,0.04,400000.0,hist_quant_75,\longrange,18_micron_roi,104.0,1.553400525709514,0,nan,nan,nan,nan,nan,nan,nan,nan,5832,3312.5759999999996,1,1,1
1.4477524376203004,0.18699925038884846,14780.990382506325,38270.13306940648,1886449.7174797058,0.38622782825708,805,19,80,0.04,400000.0,hist_quant_75,\longrange,18_micron_roi,120.0,1.6347516880091488,1,34.0,0.0422360248447205,665.0,5.541666666666667,12.0,95.0,699.0,5.583902691511388,5832,3312.5759999999996,1,1,1
1.5957635835874635,0.20450829740883059,30572.623158539813,72299.04044260929,3927036.0794029236,0.4228634705436824,1530,20,109,0.04,400000.0,hist_quant_75,\longrange,25_micron_roi,150.0,1.800271880996294,0,nan,nan,nan,nan,nan,nan,nan,nan,16003,9089.704,1,1,1
1.5491325694936977,0.3457195599628955,15477.51775240303,58770.434762359866,3797270.9484500885,0.2633555088538458,1541,38,130,0.04,400000.0,hist_quant_75,\longrange,25_micron_roi,207.0,1.8948521294565932,1,107.0,0.06943543153796236,1374.0,6.63768115942029,26.0,250.0,1481.0,6.707116590958252,16003,9089.704,1,1,1
