voi_split,voi_merge,expected_run_length,max_erl,total_path_length,normalized_erl,number_of_segments,number_of_merging_segments,number_of_split_skeletons,threshold,iteration,merge_function,method,run_type,number_of_components,voi_sum,has_mask,total_splits_needed_to_fix_merges,average_splits_needed_to_fix_merges,total_merges_needed_to_fix_splits,average_merges_needed_to_fix_splits,number_of_unsplittable_fragments,number_of_background_sites,total_split_merge_sum,average_split_merge_sum,volume_size,tera_FLOPs,validation_best_voi_sum,validation_best_erl,validation_best_nerl
0.14531763863383595,0.1124626154245183,13760.227527343126,17776.42684831115,521997.2170410156,0.7740716199470884,86,11,14,0.32,400000.0,hist_quant_75,\mtlsd,11_micron_roi,68.0,0.25778025405835425,0,nan,nan,nan,nan,nan,nan,nan,nan,1260,715.68,1,0,0
0.14619254414166694,0.11313971259307287,13850.814229557516,17914.530202672213,515893.55223083496,0.7731608963706715,85,11,14,0.32,400000.0,hist_quant_75,\mtlsd,11_micron_roi,67.0,0.2593322567347398,1,13.0,0.15294117647058825,21.0,0.31343283582089554,5.0,35.0,34.0,0.4663740122914838,1260,715.68,1,0,0
0.22956865911675184,0.07726922023389093,32578.833517952695,41418.143120105684,1938754.62733078,0.7865836337346058,185,12,38,0.32,400000.0,hist_quant_75,\mtlsd,18_micron_roi,104.0,0.3068378793506428,0,nan,nan,nan,nan,nan,nan,nan,nan,5832,3312.5759999999996,1,0,0
0.22630529186081816,0.12599726751660878,27785.69052523589,38270.13306940648,1886449.7174797058,0.7260411265057252,191,17,38,0.32,400000.0,hist_quant_75,\mtlsd,18_micron_roi,120.0,0.35230255937742694,1,35.0,0.18324607329842932,78.0,0.65,15.0,147.0,113.0,0.8332460732984294,5832,3312.5759999999996,1,0,0
0.2693867653780142,0.049238849849253974,54575.368742888386,72299.04044260929,3927036.0794029236,0.7548560590677564,322,17,60,0.32,400000.0,hist_quant_75,\mtlsd,25_micron_roi,150.0,0.3186256152272682,0,nan,nan,nan,nan,nan,nan,nan,nan,16003,9089.704,1,0,0
0.2642689930768656,0.2131921337192919,30048.202380183855,58770.434762359866,3797270.9484500885,0.5112809272499808,337,36,63,0.32,400000.0,hist_quant_75,\mtlsd,25_micron_roi,207.0,0.4774611267961575,1,79.0,0.2344213649851632,164.0,0.7922705314009661,27.0,354.0,243.0,1.0266918963861293,16003,9089.704,1,0,0
