voi_split,voi_merge,expected_run_length,max_erl,total_path_length,normalized_erl,number_of_segments,number_of_merging_segments,number_of_split_skeletons,threshold,iteration,merge_function,method,run_type,number_of_components,voi_sum,has_mask,total_splits_needed_to_fix_merges,average_splits_needed_to_fix_merges,total_merges_needed_to_fix_splits,average_merges_needed_to_fix_splits,number_of_unsplittable_fragments,number_of_background_sites,total_split_merge_sum,average_split_merge_sum,volume_size,tera_FLOPs,validation_best_voi_sum,validation_best_erl,validation_best_nerl
0.28057599015682744,0.11375422010780056,12868.081898859331,17776.42684831115,521997.2170410156,0.7238846146452579,105,11,17,0.28,400000.0,hist_quant_75,\vanilla,11_micron_roi,68.0,0.394330210264628,0,nan,nan,nan,nan,nan,nan,nan,nan,1260,710.64,1,0,0
0.28226523780398693,0.11443909356602067,12948.113404454989,17914.530202672213,515893.55223083496,0.7227715858562448,104,11,17,0.28,400000.0,hist_quant_75,\vanilla,11_micron_roi,67.0,0.3967043313700076,1,15.0,0.14423076923076922,37.0,0.5522388059701493,5.0,48.0,52.0,0.6964695752009185,1260,710.64,1,0,0
0.4554241756556605,0.09012801746606591,30975.633048063984,41418.143120105684,1938754.62733078,0.7478759479448375,260,11,52,0.28,400000.0,hist_quant_75,\vanilla,18_micron_roi,104.0,0.5455521931217264,0,nan,nan,nan,nan,nan,nan,nan,nan,5832,3289.2479999999996,1,0,0
0.4514522342368661,0.13831704374477294,26189.67569342647,38270.13306940648,1886449.7174797058,0.6843371996101772,264,16,52,0.28,400000.0,hist_quant_75,\vanilla,18_micron_roi,120.0,0.589769277981639,1,37.0,0.14015151515151514,136.0,1.1333333333333333,13.0,192.0,173.0,1.2734848484848484,5832,3289.2479999999996,1,0,0
0.5521811117744164,0.07065728517086622,50589.507029635926,72299.04044260929,3927036.0794029236,0.6997258431084392,492,15,77,0.28,400000.0,hist_quant_75,\vanilla,25_micron_roi,150.0,0.6228383969452826,0,nan,nan,nan,nan,nan,nan,nan,nan,16003,9025.692,1,0,0
0.5431976945642898,0.22978488244459427,26483.266452164313,58770.434762359866,3797270.9484500885,0.4506222654171311,505,34,80,0.28,400000.0,hist_quant_75,\vanilla,25_micron_roi,207.0,0.7729825770088841,1,81.0,0.1603960396039604,313.0,1.5120772946859904,24.0,450.0,394.0,1.6724733342899507,16003,9025.692,1,0,0
